{
  "duration": 154.92853808403015,
  "gesture_stats": {
    "Fist": 67,
    "Three_Fingers": 31,
    "Point": 62,
    "4_Fingers": 15,
    "Palm": 12
  },
  "timestamp": 1774114378.496497,
  "integrated_mode": true
}